lon,lat,ROUTE_NUMBER,DIRECTION,BUS_STOP_ORDER_NUM,BUS_STOP_NUM_1,Current_Stop,BUS_STOP_SUB_NUM_2,BUS_STOP_NUM_2,Next_Stop,PLANNED_ROAD,REAL_ROAD,DELAY,VEHICLE_NUMBER,Current_Time,Current_Day,Current_Hour,Current_Minutes,Current_Seconds
21.24132,48.99196,29,P,9,531,Okružná,1,114,Grešova,500,163,42,357,1612268985879,2,13,29,45
21.24094,48.99245,29,P,9,531,Okružná,1,114,Grešova,500,104,-39,357,1612272661119,2,14,31,1
21.24141,48.99198,29,P,9,531,Okružná,1,114,Grešova,500,177,26,397,1612175425822,1,11,30,25
21.24131,48.99209,23,P,2,2,Na Hlavnej,1,531,Okružná,800,611,-37,405,1612179235922,1,12,33,55
21.24109,48.99235,29,P,9,531,Okružná,1,114,Grešova,500,118,-41,357,1612261860681,2,11,31,0
21.24143,48.99197,29,P,9,531,Okružná,1,114,Grešova,500,172,-43,357,1612261875688,2,11,31,15
21.24096,48.99245,23,P,2,2,Na Hlavnej,1,531,Okružná,800,663,64,405,1612198333055,1,17,52,13
21.24142,48.99195,29,P,9,531,Okružná,1,114,Grešova,500,159,-25,357,1612276261194,2,15,31,1
21.24114,48.99207,29,P,8,532,Floriánova,2,531,Okružná,540,540,-49,357,1612276246207,2,15,30,46
21.2411,48.99229,23,P,2,2,Na Hlavnej,1,531,Okružná,800,644,0,405,1612191192558,1,15,53,12
21.24111,48.99222,29,P,9,531,Okružná,1,114,Grešova,500,127,51,397,1612189782513,1,15,29,42
21.24108,48.99206,29,P,8,532,Floriánova,2,531,Okružná,540,540,12,354,1612204198231,1,19,29,58
21.24149,48.99203,29,P,9,531,Okružná,1,114,Grešova,500,168,35,354,1612204213236,1,19,30,13
21.24125,48.99192,29,P,9,531,Okružná,1,114,Grešova,500,163,22,397,1612200613131,1,18,30,13
21.24133,48.99212,23,P,2,2,Na Hlavnej,1,531,Okružná,800,616,42,405,1612201948159,1,18,52,28
21.24112,48.99203,29,P,9,531,Okružná,1,114,Grešova,500,150,29,397,1612193397666,1,16,29,57
21.24149,48.99206,23,P,2,2,Na Hlavnej,1,531,Okružná,800,597,11,405,1612269180886,2,13,33,0
21.24129,48.99195,29,P,9,531,Okružná,1,114,Grešova,500,163,124,357,1612265310783,2,12,28,30
21.24126,48.99195,29,P,9,531,Okružná,1,114,Grešova,500,163,-39,357,1612272676121,2,14,31,16
21.24145,48.99208,23,P,2,2,Na Hlavnej,1,531,Okružná,800,597,10,405,1612273981149,2,14,53,1
21.24097,48.99246,29,P,9,531,Okružná,1,114,Grešova,500,104,43,357,1612268970879,2,13,29,30
21.2413,48.99196,29,P,9,531,Okružná,1,114,Grešova,500,168,-77,357,1612279906275,2,16,31,46
21.24145,48.99203,23,P,2,2,Na Hlavnej,1,531,Okružná,800,597,-29,405,1612281211304,2,16,53,31
21.31915,48.97778,46,P,9,72,Záhradky,1,68,Pri zámočku,2400,2400,-26,386,1611827955830,28,10,59,15
21.31915,48.97777,46,P,9,72,Záhradky,1,68,Pri zámočku,2400,2400,-29,386,1611827970838,28,10,59,30
21.31925,48.97778,46,P,10,68,Pri zámočku,1,69,Na Záhumní,370,14,-43,386,1611827985848,28,10,59,45
21.31908,48.97781,46,T,3,69,Na Záhumní,0,68,Pri zámočku,361,361,-111,386,1611829126420,28,11,18,46
21.31905,48.97782,46,P,9,72,Záhradky,1,68,Pri zámočku,2400,2400,-46,362,1611835174377,28,12,59,34
21.31904,48.97782,46,P,9,72,Záhradky,1,68,Pri zámočku,2400,2400,-49,362,1611835189384,28,12,59,49
21.31919,48.97783,46,P,10,68,Pri zámočku,1,69,Na Záhumní,370,14,-61,362,1611835204387,28,13,0,4
21.31917,48.97781,46,T,3,69,Na Záhumní,0,68,Pri zámočku,361,361,-70,392,1611807485720,28,5,18,5
21.31895,48.97781,46,T,4,68,Pri zámočku,0,72,Záhradky,2360,20,-90,392,1611807500720,28,5,18,20
21.31909,48.9778,46,P,9,72,Záhradky,1,68,Pri zámočku,2400,2285,60,386,1611813758760,28,7,2,38
21.31926,48.97782,46,T,3,69,Na Záhumní,0,68,Pri zámočku,361,361,-99,386,1611814719255,28,7,18,39
21.31921,48.97782,46,T,3,69,Na Záhumní,0,68,Pri zámočku,361,361,-106,386,1611814734246,28,7,18,54
21.31906,48.97782,46,T,4,68,Pri zámočku,0,72,Záhradky,2360,20,-121,386,1611814749264,28,7,19,9
21.31867,48.97785,46,P,10,72,Záhradky,1,68,Pri zámočku,2400,2274,94,394,1611817315545,28,8,1,55
21.31934,48.97784,46,T,3,69,Na Záhumní,0,68,Pri zámočku,361,361,-83,394,1611818290973,28,8,18,10
21.31921,48.9778,46,T,3,69,Na Záhumní,0,68,Pri zámočku,361,361,-97,394,1611818305999,28,8,18,25
21.31855,48.97783,46,T,4,68,Pri zámočku,0,72,Záhradky,2360,51,-106,394,1611818320989,28,8,18,40
21.31887,48.97781,46,P,9,72,Záhradky,1,68,Pri zámočku,2400,2358,26,408,1611820692221,28,8,58,12
21.31928,48.97783,46,P,9,72,Záhradky,1,68,Pri zámočku,2400,2400,27,408,1611820707236,28,8,58,27
21.31948,48.97781,46,T,3,69,Na Záhumní,0,68,Pri zámočku,361,361,-14,408,1611821817818,28,9,16,57
21.31921,48.97781,46,T,3,69,Na Záhumní,0,68,Pri zámočku,361,361,-28,408,1611821832842,28,9,17,12
21.31882,48.97781,46,T,4,68,Pri zámočku,0,72,Záhradky,2360,30,-38,408,1611821847836,28,9,17,27
21.24127,48.99215,23,P,2,2,Na Hlavnej,1,531,Okružná,800,625,27,378,1612533180114,5,14,53,0
21.24093,48.99245,29,P,9,531,Okružná,1,114,Grešova,500,100,-146,354,1612535595188,5,15,33,15
21.24148,48.99196,29,P,9,531,Okružná,1,114,Grešova,500,172,-10,375,1612542675459,5,17,31,15
21.24146,48.99212,23,P,2,2,Na Hlavnej,1,531,Okružná,800,607,-2,378,1612536810222,5,15,53,30
21.241,48.99238,29,P,8,532,Floriánova,2,531,Okružná,540,540,-127,354,1612531950072,5,14,32,30
21.24138,48.99198,29,P,9,531,Okružná,1,114,Grešova,500,150,-109,354,1612531965074,5,14,32,45
21.2415,48.99201,23,P,2,2,Na Hlavnej,1,531,Okružná,800,602,-15,378,1612540425394,5,16,53,45
21.24129,48.99212,23,P,2,2,Na Hlavnej,1,531,Okružná,800,616,17,378,1612543995491,5,17,53,15
21.24109,48.99223,29,P,9,531,Okružná,1,114,Grešova,500,127,-153,354,1612535610186,5,15,33,30
21.24102,48.9923,29,P,9,531,Okružná,1,114,Grešova,500,113,-8,375,1612542660457,5,17,31,0
21.2411,48.99204,29,P,9,531,Okružná,1,114,Grešova,500,145,30,375,1612549817102,5,19,30,17
21.2411,48.99204,29,P,9,531,Okružná,1,114,Grešova,500,145,30,375,1612549832107,5,19,30,32
21.24113,48.99207,29,P,9,531,Okružná,1,114,Grešova,500,150,-34,354,1612539090274,5,16,31,30
21.24113,48.99206,29,P,8,532,Floriánova,2,531,Okružná,540,540,-65,354,1612546290611,5,18,31,30
21.24144,48.99206,23,P,2,2,Na Hlavnej,1,531,Okružná,800,607,32,378,1612547580964,5,18,53,0
21.24112,48.99227,23,P,2,2,Na Hlavnej,1,531,Okružná,800,640,-43,378,1612434851303,4,11,34,11
21.24105,48.99235,29,P,9,531,Okružná,1,114,Grešova,500,113,-89,397,1612441934702,4,13,32,14
21.24104,48.99228,29,P,9,531,Okružná,1,114,Grešova,500,122,72,397,1612448958082,4,15,29,18
21.24119,48.99195,29,P,9,531,Okružná,1,114,Grešova,500,159,54,397,1612452589673,4,16,29,49
21.24132,48.99193,29,P,9,531,Okružná,1,114,Grešova,500,172,-9,397,1612459851336,4,18,30,51
21.24112,48.99222,29,P,9,531,Okružná,1,114,Grešova,500,131,-78,354,1612463512038,4,19,31,52
21.2413,48.99217,23,P,2,2,Na Hlavnej,1,531,Okružná,800,616,-31,378,1612442039771,4,13,33,59
21.24095,48.99226,29,P,9,531,Okružná,1,114,Grešova,500,122,-6,397,1612459836335,4,18,30,36
21.24106,48.99241,23,P,2,2,Na Hlavnej,1,531,Okružná,800,658,54,378,1612461156367,4,18,52,36
21.24131,48.99196,29,P,9,531,Okružná,1,114,Grešova,500,163,31,397,1612434611192,4,11,30,11
21.24096,48.99236,29,P,9,531,Okružná,1,114,Grešova,500,127,57,397,1612445386345,4,14,29,46
21.24132,48.99207,23,P,2,2,Na Hlavnej,1,531,Okružná,800,630,26,378,1612446781998,4,14,53,1
21.24133,48.99207,23,P,2,2,Na Hlavnej,1,531,Okružná,800,621,2,378,1612457601282,4,17,53,21
21.24112,48.99222,29,P,9,531,Okružná,1,114,Grešova,500,131,-78,354,1612463527048,4,19,32,7
21.2412,48.99195,29,P,9,531,Okružná,1,114,Grešova,500,159,-151,397,1612438392965,4,12,33,12
21.24125,48.99221,23,P,2,2,Na Hlavnej,1,531,Okružná,800,630,81,378,1612468329318,4,20,52,9
21.2414,48.9921,23,P,2,2,Na Hlavnej,1,531,Okružná,800,630,4,386,1612099082050,31,14,18,2
21.24125,48.99217,23,P,2,2,Na Hlavnej,1,531,Okružná,800,644,-3,386,1612106299093,31,16,18,19
21.24119,48.992,29,P,9,531,Okružná,1,114,Grešova,500,154,-69,392,1612092704619,31,12,31,44
21.24112,48.99209,29,P,9,531,Okružná,1,114,Grešova,500,127,115,400,1612096110789,31,13,28,30
21.2412,48.99196,29,P,9,531,Okružná,1,114,Grešova,500,159,89,392,1612099742351,31,14,29,2
21.24117,48.99199,29,P,9,531,Okružná,1,114,Grešova,500,154,-2,400,1612103434000,31,15,30,34
21.24108,48.9921,29,P,9,531,Okružná,1,114,Grešova,500,145,-28,397,1612158185175,1,6,43,5
21.24106,48.99225,29,P,9,531,Okružná,1,114,Grešova,500,136,-30,397,1612168269005,1,9,31,9
21.24123,48.99198,29,P,9,531,Okružná,1,114,Grešova,500,163,-49,397,1612171900368,1,10,31,40
21.24103,48.99222,29,P,9,531,Okružná,1,114,Grešova,500,136,-102,397,1612164742862,1,8,32,22
21.24144,48.99196,29,P,9,531,Okružná,1,114,Grešova,500,181,-34,397,1612168284012,1,9,31,24
21.241,48.99241,29,P,9,531,Okružná,1,114,Grešova,500,113,-88,397,1612161846657,1,7,44,6
21.24128,48.99218,23,P,2,2,Na Hlavnej,1,531,Okružná,800,658,-55,365,1612161261425,1,7,34,21
21.2412,48.992,29,P,9,531,Okružná,1,114,Grešova,500,154,16,400,1612110620540,31,17,30,20
21.24129,48.99215,23,P,2,2,Na Hlavnej,1,531,Okružná,800,644,-50,386,1612120764436,31,20,19,24
21.24115,48.9921,29,P,9,531,Okružná,1,114,Grešova,500,145,-53,357,1612244595193,2,6,43,15
21.24149,48.992,29,P,9,531,Okružná,1,114,Grešova,500,181,-59,357,1612244610195,2,6,43,30
21.24113,48.99203,29,P,9,531,Okružná,1,114,Grešova,500,150,-37,357,1612248180269,2,7,43,0
21.24135,48.99198,29,P,9,531,Okružná,1,114,Grešova,500,168,-32,357,1612258260579,2,10,31,0
21.24112,48.99226,23,P,2,2,Na Hlavnej,1,531,Okružná,800,630,-40,405,1612240425088,2,5,33,45
21.24122,48.99202,29,P,9,531,Okružná,1,114,Grešova,500,159,61,357,1612254570449,2,9,29,30
21.2415,48.99208,23,P,2,2,Na Hlavnej,1,531,Okružná,800,592,-110,405,1612254900458,2,9,35,0
21.24116,48.99223,23,P,2,2,Na Hlavnej,1,531,Okružná,800,635,-35,405,1612247625263,2,7,33,45
21.24135,48.99199,29,P,9,531,Okružná,1,114,Grešova,500,163,-10,357,1612251045361,2,8,30,45
21.2413,48.99195,29,P,9,531,Okružná,1,114,Grešova,500,163,44,397,1612189797513,1,15,29,57
21.24129,48.99196,29,P,9,531,Okružná,1,114,Grešova,500,172,-26,359,1612337486539,3,8,31,26
21.24118,48.99225,23,P,2,2,Na Hlavnej,1,531,Okružná,800,625,-2,405,1612341208299,3,9,33,28
21.24112,48.99223,29,P,9,531,Okružná,1,114,Grešova,500,131,40,359,1612344599997,3,10,29,59
21.24145,48.99197,29,P,9,531,Okružná,1,114,Grešova,500,181,-7,359,1612330988455,3,6,43,8
21.24124,48.99218,23,P,2,2,Na Hlavnej,1,531,Okružná,800,602,-338,402,1612332234092,3,7,3,54
21.24089,48.99244,23,P,2,2,Na Hlavnej,1,531,Okružná,800,677,-66,405,1612334079961,3,7,34,39
21.24125,48.99197,29,P,9,531,Okružná,1,114,Grešova,500,172,-50,359,1612334620203,3,7,43,40
21.24139,48.99207,23,P,2,2,Na Hlavnej,1,531,Okružná,800,597,-29,405,1612330433198,3,6,33,53
21.24095,48.99246,29,P,9,531,Okružná,1,114,Grešova,500,118,-47,359,1612334605203,3,7,43,25
21.2411,48.99225,29,P,9,531,Okružná,1,114,Grešova,500,136,-3,359,1612341058246,3,9,30,58
21.24124,48.99196,29,P,9,531,Okružná,1,114,Grešova,500,168,33,359,1612344615002,3,10,30,15
21.24104,48.99232,29,P,9,531,Okružná,1,114,Grešova,500,122,-7,359,1612330973449,3,6,42,53
21.24108,48.99227,29,P,9,531,Okružná,1,114,Grešova,500,131,-20,359,1612337471531,3,8,31,11
21.24112,48.99224,23,P,2,2,Na Hlavnej,1,531,Okružná,800,640,-1,405,1612288398234,2,18,53,18
21.24139,48.9921,23,P,2,2,Na Hlavnej,1,531,Okružná,800,583,16,405,1612291970047,2,19,52,50
21.24142,48.99209,23,P,2,2,Na Hlavnej,1,531,Okružná,800,597,-54,405,1612284841518,2,17,54,1
21.24139,48.99198,29,P,9,531,Okružná,1,114,Grešova,500,172,-16,357,1612287047642,2,18,30,47
21.24108,48.99208,29,P,8,532,Floriánova,2,531,Okružná,540,540,52,398,1612290559336,2,19,29,19
21.24108,48.99208,29,P,8,532,Floriánova,2,531,Okružná,540,540,52,398,1612290544330,2,19,29,4
21.31862,48.97783,46,P,9,72,Záhradky,1,68,Pri zámočku,2400,2243,-47,392,1611784043996,27,22,47,23
21.31926,48.9778,46,T,3,69,Na Záhumní,0,68,Pri zámočku,361,361,-67,364,1611760680228,27,16,18,0
21.31909,48.97782,46,T,4,68,Pri zámočku,0,72,Záhradky,2360,20,-80,364,1611760695218,27,16,18,15
21.31933,48.97782,46,T,3,69,Na Záhumní,0,68,Pri zámočku,361,361,-48,368,1611764265302,27,17,17,45
21.31913,48.9778,46,P,9,72,Záhradky,1,68,Pri zámočku,2400,2400,-49,378,1611842389978,28,14,59,49
21.3192,48.9778,46,T,3,69,Na Záhumní,0,68,Pri zámočku,361,361,-61,378,1611843470003,28,15,17,50
21.31937,48.9778,46,T,3,69,Na Záhumní,0,68,Pri zámočku,361,361,-47,378,1611843454990,28,15,17,34
21.31913,48.9778,46,P,9,72,Záhradky,1,68,Pri zámočku,2400,2400,122,368,1611763005272,27,16,56,45
21.31925,48.9778,46,P,10,68,Pri zámočku,1,69,Na Záhumní,370,14,107,368,1611763020270,27,16,57,0
21.31914,48.9778,46,P,9,72,Záhradky,1,68,Pri zámočku,2400,2400,-46,378,1611842374963,28,14,59,34
21.31899,48.9778,46,T,4,68,Pri zámočku,0,72,Záhradky,2360,20,-74,378,1611843485002,28,15,18,5
21.24098,48.9924,29,P,9,531,Okružná,1,114,Grešova,500,109,-1,397,1612423836067,4,8,30,36
21.24098,48.99246,23,P,2,2,Na Hlavnej,1,531,Okružná,800,663,-23,378,1612418328541,4,6,58,48
21.24147,48.99202,29,P,9,531,Okružná,1,114,Grešova,500,177,-1,397,1612423851092,4,8,30,51
21.24127,48.99215,23,P,2,2,Na Hlavnej,1,531,Okružná,800,635,15,352,1612413181139,4,5,33,1
21.2411,48.99222,29,P,9,531,Okružná,1,114,Grešova,500,122,-163,397,1612431204631,4,10,33,24
21.24141,48.99196,29,P,9,531,Okružná,1,114,Grešova,500,172,-40,397,1612420999814,4,7,43,19
21.24121,48.99197,29,P,9,531,Okružná,1,114,Grešova,500,159,-128,397,1612417488101,4,6,44,48
21.241,48.99238,29,P,9,531,Okružná,1,114,Grešova,500,109,-40,397,1612420984798,4,7,43,4
21.24103,48.99231,29,P,9,531,Okružná,1,114,Grešova,500,127,-80,397,1612427512870,4,9,31,52
21.24113,48.99221,29,P,9,531,Okružná,1,114,Grešova,500,127,-175,397,1612431219637,4,10,33,39
21.24129,48.99214,23,P,2,2,Na Hlavnej,1,531,Okružná,800,644,-90,352,1612420489553,4,7,34,49
21.2411,48.9921,29,P,9,531,Okružná,1,114,Grešova,500,145,48,397,1612178995907,1,12,29,55
21.24129,48.99215,23,P,2,2,Na Hlavnej,1,531,Okružná,800,644,-50,386,1612120749423,31,20,19,9
21.24109,48.99222,29,P,9,531,Okružná,1,114,Grešova,500,122,15,392,1612107019297,31,16,30,19
21.24108,48.99209,29,P,9,531,Okružná,1,114,Grešova,500,140,-75,392,1612114311918,31,18,31,51
21.24121,48.99198,29,P,9,531,Okružná,1,114,Grešova,500,163,50,400,1612117793216,31,19,29,53
21.24129,48.99195,29,P,9,531,Okružná,1,114,Grešova,500,168,58,397,1612186182421,1,14,29,42
21.31937,48.9778,46,T,3,69,Na Záhumní,0,68,Pri zámočku,361,361,-27,360,1611770837306,27,19,7,17
21.31923,48.97783,46,T,3,69,Na Záhumní,0,68,Pri zámočku,361,361,-68,380,1611778085907,27,21,8,5
21.31886,48.97782,46,T,3,69,Na Záhumní,0,68,Pri zámočku,361,361,-49,392,1611784494216,27,22,54,54
21.31889,48.97783,46,P,9,72,Záhradky,1,68,Pri zámočku,2400,2295,4,360,1611770312027,27,18,58,32
21.31901,48.97778,46,T,4,68,Pri zámočku,0,72,Záhradky,2360,20,-157,352,1611857375329,28,19,9,35
21.31926,48.97779,46,T,3,69,Na Záhumní,0,68,Pri zámočku,361,361,-147,352,1611857360344,28,19,9,20
21.24119,48.99199,29,P,9,531,Okružná,1,114,Grešova,500,159,117,400,1612009717628,30,13,28,37
21.24125,48.99217,23,P,2,2,Na Hlavnej,1,531,Okružná,800,583,-33,402,1612012718852,30,14,18,38
21.24105,48.99222,29,P,9,531,Okružná,1,114,Grešova,500,127,17,380,1612013424154,30,14,30,24
21.2411,48.99217,29,P,9,531,Okružná,1,114,Grešova,500,140,-130,380,1612020762540,30,16,32,42
21.24149,48.99201,29,P,9,531,Okružná,1,114,Grešova,500,190,58,400,1612016980864,30,15,29,40
21.24108,48.99221,29,P,9,531,Okružná,1,114,Grešova,500,131,21,400,1612024199061,30,17,29,59
21.24142,48.99208,23,P,2,2,Na Hlavnej,1,531,Okružná,800,583,-96,402,1612027170415,30,18,19,30
21.24109,48.99218,29,P,9,531,Okružná,1,114,Grešova,500,140,-112,380,1612027935851,30,18,32,15
21.24108,48.99208,29,P,8,532,Floriánova,2,531,Okružná,540,540,-4,400,1612031387558,30,19,29,47
21.24108,48.99208,29,P,8,532,Floriánova,2,531,Okružná,540,540,-4,400,1612031402558,30,19,30,2
21.24108,48.99208,29,P,8,532,Floriánova,2,531,Okružná,540,540,-4,400,1612031417546,30,19,30,17
21.24112,48.99205,29,P,8,532,Floriánova,2,531,Okružná,540,540,-12,392,1612071740948,31,6,42,20
21.24127,48.99194,29,P,9,531,Okružná,1,114,Grešova,500,145,17,392,1612074622267,31,7,30,22
21.24116,48.99227,23,P,2,2,Na Hlavnej,1,531,Okružná,800,672,29,386,1612077473620,31,8,17,53
21.24108,48.99224,29,P,9,531,Okružná,1,114,Grešova,500,127,-55,392,1612078299022,31,8,31,39
21.241,48.99234,29,P,9,531,Okružná,1,114,Grešova,500,127,-19,400,1612081855708,31,9,30,55
21.24133,48.99195,29,P,9,531,Okružná,1,114,Grešova,500,172,-24,400,1612081870714,31,9,31,10
21.24143,48.99209,23,P,2,2,Na Hlavnej,1,531,Okružná,800,630,53,386,1612084631985,31,10,17,11
21.2411,48.99207,29,P,8,532,Floriánova,2,531,Okružná,540,540,-13,392,1612085412346,31,10,30,12
21.24149,48.99199,29,P,9,531,Okružná,1,114,Grešova,500,168,14,392,1612085427356,31,10,30,27
21.24114,48.99209,29,P,8,532,Floriánova,2,531,Okružná,540,540,-64,400,1612089059112,31,11,30,59
21.24134,48.99196,29,P,9,531,Okružná,1,114,Grešova,500,150,-39,400,1612089074118,31,11,31,14
21.24099,48.99236,29,P,8,532,Floriánova,2,531,Okružná,540,540,-82,397,1611945068662,29,19,31,8
21.24099,48.99236,29,P,8,532,Floriánova,2,531,Okružná,540,540,-82,397,1611945083687,29,19,31,23
21.24126,48.9921,23,P,2,2,Na Hlavnej,1,531,Okružná,800,611,-155,403,1611946539306,29,19,55,39
21.24126,48.9921,23,P,2,2,Na Hlavnej,1,531,Okružná,800,611,-155,403,1611946554312,29,19,55,54
21.24102,48.99231,29,P,8,532,Floriánova,2,531,Okružná,540,540,-50,380,1611985376176,30,6,42,56
21.24135,48.99196,29,P,9,531,Okružná,1,114,Grešova,500,150,-30,380,1611985391179,30,6,43,11
21.2411,48.99208,29,P,8,532,Floriánova,2,531,Okružná,540,540,114,380,1611988077377,30,7,27,57
21.24137,48.99209,23,P,2,2,Na Hlavnej,1,531,Okružná,800,588,81,402,1611990988577,30,8,16,28
21.24123,48.99195,29,P,9,531,Okružná,1,114,Grešova,500,163,82,380,1611991753988,30,8,29,13
21.24115,48.99199,29,P,9,531,Okružná,1,114,Grešova,500,150,51,400,1611995370870,30,9,29,30
21.31899,48.9778,46,P,9,72,Záhradky,1,68,Pri zámočku,2400,2368,-98,408,1611849620198,28,17,0,20
21.24109,48.99204,29,P,9,531,Okružná,1,114,Grešova,500,150,-15,380,1611999047665,30,10,30,47
21.24107,48.99219,29,P,9,531,Okružná,1,114,Grešova,500,140,12,400,1612002619361,30,11,30,19
21.2415,48.99208,23,P,2,2,Na Hlavnej,1,531,Okružná,800,578,41,402,1612005440673,30,12,17,20
21.24145,48.99197,29,P,9,531,Okružná,1,114,Grešova,500,177,-18,380,1612006266057,30,12,31,6
21.24105,48.99232,29,P,9,531,Okružná,1,114,Grešova,500,122,-17,380,1612006251051,30,12,30,51
21.3185,48.9778,46,T,3,69,Na Záhumní,0,68,Pri zámočku,361,361,-83,408,1611850700160,28,17,18,20
21.31896,48.9778,46,P,9,72,Záhradky,1,68,Pri zámočku,2400,2274,-69,352,1611856775344,28,18,59,35
21.31896,48.97781,46,P,9,72,Záhradky,1,68,Pri zámočku,2400,2400,-62,352,1611856790336,28,18,59,50
21.31915,48.97779,46,P,9,72,Záhradky,1,68,Pri zámočku,2400,2243,-284,404,1611846200056,28,16,3,20
21.3192,48.97779,46,P,9,72,Záhradky,1,68,Pri zámočku,2400,2253,-297,404,1611846215041,28,16,3,35
21.31883,48.97782,46,T,3,69,Na Záhumní,0,68,Pri zámočku,361,361,-104,404,1611847130087,28,16,18,50
21.24091,48.99248,29,P,9,531,Okružná,1,114,Grešova,500,100,106,378,1613823324593,20,13,15,24
21.2412,48.99223,23,P,2,2,Na Hlavnej,1,531,Okružná,800,677,-48,385,1613826371239,20,14,6,11
21.24109,48.99212,29,P,9,531,Okružná,1,114,Grešova,500,140,58,378,1613902592128,21,11,16,32
21.24113,48.9921,29,P,9,531,Okružná,1,114,Grešova,500,127,92,378,1613895358709,21,9,15,58
21.24131,48.99214,23,P,2,2,Na Hlavnej,1,531,Okružná,800,644,0,385,1613898315106,21,10,5,15
21.24139,48.99198,29,P,9,531,Okružná,1,114,Grešova,500,177,-172,397,1613064836049,11,18,33,56
21.24112,48.99207,29,P,9,531,Okružná,1,114,Grešova,500,154,-114,366,1613805556115,20,8,19,16
21.24102,48.99239,29,P,9,531,Okružná,1,114,Grešova,500,127,-97,366,1613819932889,20,12,18,52
21.24137,48.99198,29,P,9,531,Okružná,1,114,Grešova,500,177,-101,366,1613819947896,20,12,19,7
21.24095,48.99246,29,P,9,531,Okružná,1,114,Grešova,500,118,-108,366,1613805541115,20,8,19,1
21.24097,48.9924,29,P,9,531,Okružná,1,114,Grešova,500,104,1,378,1613809022811,20,9,17,2
21.31905,48.97781,46,P,9,72,Záhradky,1,68,Pri zámočku,2400,2201,8,400,1611921497737,29,12,58,17
21.31913,48.97778,46,P,9,72,Záhradky,1,68,Pri zámočku,2400,2400,23,400,1611921512736,29,12,58,32
21.3193,48.9778,46,P,10,68,Pri zámočku,1,69,Na Záhumní,370,7,9,400,1611921527732,29,12,58,47
21.31923,48.97781,46,T,3,69,Na Záhumní,0,68,Pri zámočku,361,361,-115,400,1611922727757,29,13,18,47
21.31909,48.97781,46,T,4,68,Pri zámočku,0,72,Záhradky,2360,20,-129,400,1611922742762,29,13,19,2
21.31889,48.97783,46,P,9,72,Záhradky,1,68,Pri zámočku,2400,2347,-50,362,1611928757947,29,14,59,17
21.31907,48.97783,46,P,9,72,Záhradky,1,68,Pri zámočku,2400,2400,-49,362,1611928772946,29,14,59,32
21.31931,48.9778,46,T,3,69,Na Záhumní,0,68,Pri zámočku,361,361,-47,362,1611929852972,29,15,17,32
21.31903,48.97777,46,T,4,68,Pri zámočku,0,72,Záhradky,2360,20,-59,362,1611929867977,29,15,17,47
21.31926,48.97781,46,P,9,72,Záhradky,1,68,Pri zámočku,2400,2400,123,366,1611932223045,29,15,57,3
21.31936,48.97782,46,P,10,68,Pri zámočku,1,69,Na Záhumní,370,14,111,366,1611932238040,29,15,57,18
21.31928,48.97782,46,T,3,69,Na Záhumní,0,68,Pri zámočku,361,361,-2,366,1611933423042,29,16,17,3
21.31895,48.97782,46,T,4,68,Pri zámočku,0,72,Záhradky,2360,41,-11,366,1611933438043,29,16,17,18
21.31912,48.97778,46,P,9,72,Záhradky,1,68,Pri zámočku,2400,2400,14,408,1611935913102,29,16,58,33
21.3191,48.97779,46,P,9,72,Záhradky,1,68,Pri zámočku,2400,2400,6,408,1611935928106,29,16,58,48
21.31932,48.9778,46,P,10,68,Pri zámočku,1,69,Na Záhumní,370,14,-10,408,1611935943112,29,16,59,3
21.31922,48.97782,46,T,3,69,Na Záhumní,0,68,Pri zámočku,361,361,-89,408,1611937098122,29,17,18,18
21.31897,48.97781,46,T,4,68,Pri zámočku,0,72,Záhradky,2360,20,-101,408,1611937113119,29,17,18,33
21.31929,48.97781,46,T,3,69,Na Záhumní,0,68,Pri zámočku,361,361,-175,385,1611904783546,29,8,19,43
21.3193,48.97781,46,T,3,69,Na Záhumní,0,68,Pri zámočku,361,361,-183,385,1611904798547,29,8,19,58
21.31919,48.9778,46,T,4,68,Pri zámočku,0,72,Záhradky,2360,10,-196,385,1611904813562,29,8,20,13
21.31903,48.9778,46,P,9,72,Záhradky,1,68,Pri zámočku,2400,2368,16,408,1611907094525,29,8,58,14
21.31911,48.9778,46,P,9,72,Záhradky,1,68,Pri zámočku,2400,2400,14,408,1611907109547,29,8,58,29
21.3192,48.97781,46,T,3,69,Na Záhumní,0,68,Pri zámočku,361,361,-77,408,1611908279918,29,9,17,59
21.31919,48.97781,46,T,3,69,Na Záhumní,0,68,Pri zámočku,361,361,-82,408,1611908294930,29,9,18,14
21.31891,48.9778,46,T,4,68,Pri zámočku,0,72,Záhradky,2360,20,-93,408,1611908309918,29,9,18,29
21.31891,48.97778,46,P,9,72,Záhradky,1,68,Pri zámočku,2400,2264,-92,386,1611914402283,29,11,0,2
21.31915,48.97777,46,P,9,72,Záhradky,1,68,Pri zámočku,2400,2400,-83,386,1611914417284,29,11,0,17
21.3192,48.97781,46,T,3,69,Na Záhumní,0,68,Pri zámočku,361,361,-95,386,1611915512504,29,11,18,32
21.31878,48.9778,46,T,4,68,Pri zámočku,0,72,Záhradky,2360,41,-106,386,1611915527498,29,11,18,47
21.24113,48.99208,29,P,9,531,Okružná,1,114,Grešova,500,150,-67,397,1613039529384,11,11,32,9
21.24143,48.99206,23,P,2,2,Na Hlavnej,1,531,Okružná,800,597,-2,404,1613039619386,11,11,33,39
21.2412,48.99203,29,P,9,531,Okružná,1,114,Grešova,500,159,-63,397,1613043129483,11,12,32,9
21.24108,48.99215,29,P,9,531,Okružná,1,114,Grešova,500,145,-91,397,1613046744589,11,13,32,24
21.24106,48.99231,23,P,2,2,Na Hlavnej,1,531,Okružná,800,625,-21,404,1613046849595,11,13,34,9
21.24103,48.99242,32,P,1,531,Okružná,1,532,Floriánova,400,327,1,344,1613049174632,11,14,12,54
21.24109,48.99223,29,P,9,531,Okružná,1,114,Grešova,500,145,-62,397,1613050314659,11,14,31,54
21.24138,48.99198,29,P,9,531,Okružná,1,114,Grešova,500,181,-68,397,1613050329676,11,14,32,9
21.2412,48.99224,23,P,2,2,Na Hlavnej,1,531,Okružná,800,621,-23,404,1613051649778,11,14,54,9
21.24109,48.99212,29,P,9,531,Okružná,1,114,Grešova,500,140,-131,397,1613053989839,11,15,33,9
21.24147,48.992,29,P,9,531,Okružná,1,114,Grešova,500,181,-136,397,1613054004844,11,15,33,24
21.24148,48.99205,23,P,2,2,Na Hlavnej,1,531,Okružná,800,574,-50,404,1613055264891,11,15,54,24
21.2411,48.99204,29,P,8,532,Floriánova,2,531,Okružná,540,540,-228,397,1613057650093,11,16,34,10
21.2411,48.99204,29,P,9,531,Okružná,1,114,Grešova,500,127,-202,397,1613057665090,11,16,34,25
21.24126,48.99213,23,P,2,2,Na Hlavnej,1,531,Okružná,800,574,-19,404,1613058835120,11,16,53,55
21.24121,48.99229,29,P,9,531,Okružná,1,114,Grešova,500,140,-144,346,1613061205179,11,17,33,25
21.2413,48.99213,23,P,2,2,Na Hlavnej,1,531,Okružná,800,597,-28,404,1613018039699,11,5,33,59
21.24137,48.99207,23,P,2,2,Na Hlavnej,1,531,Okružná,800,592,-266,404,1613021881593,11,6,38,1
21.24143,48.99195,29,P,9,531,Okružná,1,114,Grešova,500,177,-205,397,1613022376834,11,6,46,16
21.24126,48.99215,23,P,2,2,Na Hlavnej,1,531,Okružná,800,630,-243,353,1613023352247,11,7,2,32
21.24149,48.99206,23,P,2,2,Na Hlavnej,1,531,Okružná,800,569,-1781,404,1613026998878,11,8,3,18
21.24093,48.99247,29,P,9,531,Okružná,1,114,Grešova,500,109,-1576,397,1613027344069,11,8,9,4
21.24112,48.99207,29,P,9,531,Okružná,1,114,Grešova,500,154,-1579,397,1613027359083,11,8,9,19
21.24115,48.99204,29,P,9,531,Okružná,1,114,Grešova,500,127,-2395,352,1613031050888,11,9,10,50
21.24094,48.99246,29,P,9,531,Okružná,1,114,Grešova,500,104,-962,397,1613033211911,11,9,46,51
21.24132,48.99196,29,P,9,531,Okružná,1,114,Grešova,500,168,-962,397,1613033226925,11,9,47,6
21.24108,48.99219,29,P,9,531,Okružná,1,114,Grešova,500,136,-29,397,1613035883060,11,10,31,23
21.24116,48.992,29,P,9,531,Okružná,1,114,Grešova,500,159,-39,397,1613035898052,11,10,31,38
21.24144,48.99198,29,P,9,531,Okružná,1,114,Grešova,500,177,44,397,1612953014123,10,11,30,14
21.24105,48.99226,29,P,9,531,Okružná,1,114,Grešova,500,122,-246,397,1612956900893,10,12,35,0
21.24149,48.99198,29,P,9,531,Okružná,1,114,Grešova,500,181,-164,357,1612974834012,10,17,33,54
21.24112,48.9921,29,P,8,532,Floriánova,2,531,Okružná,540,540,-265,357,1612982097637,10,19,34,57
21.24139,48.99211,23,P,2,2,Na Hlavnej,1,531,Okružná,800,616,-59,380,1612986884929,10,20,54,44
21.24114,48.99232,23,P,2,2,Na Hlavnej,1,531,Okružná,800,649,-89,380,1612960502683,10,13,35,2
21.24122,48.9922,32,P,1,531,Okružná,1,532,Floriánova,400,0,-132,381,1612962813842,10,14,13,33
21.24119,48.99196,29,P,9,531,Okružná,1,114,Grešova,500,159,34,397,1612967436141,10,15,30,36
21.24146,48.99209,23,P,2,2,Na Hlavnej,1,531,Okružná,800,611,5,380,1612976019623,10,17,53,39
21.24145,48.99198,29,P,9,531,Okružná,1,114,Grešova,500,159,-249,357,1612982112635,10,19,35,12
21.24107,48.99219,29,P,9,531,Okružná,1,114,Grešova,500,127,41,397,1612967421171,10,15,30,21
21.24103,48.99227,29,P,9,531,Okružná,1,114,Grešova,500,122,14,397,1612971037862,10,16,30,37
21.24145,48.99196,29,P,9,531,Okružná,1,114,Grešova,500,177,11,397,1612971052871,10,16,30,52
21.24098,48.9924,29,P,9,531,Okružná,1,114,Grešova,500,109,-151,357,1612974803999,10,17,33,23
21.24115,48.99201,29,P,9,531,Okružná,1,114,Grešova,500,154,-155,357,1612974819008,10,17,33,39
21.24111,48.9922,29,P,9,531,Okružná,1,114,Grešova,500,127,-60,397,1612963909409,10,14,31,49
21.24118,48.99197,29,P,9,531,Okružná,1,114,Grešova,500,154,-68,397,1612963924417,10,14,32,4
21.24141,48.9921,23,P,2,2,Na Hlavnej,1,531,Okružná,800,616,31,380,1612972388430,10,16,53,8
21.2412,48.99198,29,P,9,531,Okružná,1,114,Grešova,500,140,-174,397,1612978435794,10,18,33,55
21.24098,48.99229,29,P,9,531,Okružná,1,114,Grešova,500,118,45,397,1612952999132,10,11,29,59
21.24109,48.99218,29,P,9,531,Okružná,1,114,Grešova,500,136,-75,398,1612283506361,2,17,31,46
21.24131,48.99192,29,P,9,531,Okružná,1,114,Grešova,500,172,-81,398,1612283521363,2,17,32,1
21.24142,48.99209,23,P,2,2,Na Hlavnej,1,531,Okružná,800,602,22,405,1612295571821,2,20,52,51
21.24123,48.99197,29,P,9,531,Okružná,1,114,Grešova,500,163,-19,359,1612351861859,3,12,31,1
21.24124,48.99217,23,P,2,2,Na Hlavnej,1,531,Okružná,800,621,-40,405,1612352041870,3,12,34,1
21.2411,48.99219,29,P,9,531,Okružná,1,114,Grešova,500,140,-22,359,1612355463156,3,13,31,3
21.2411,48.99224,29,P,9,531,Okružná,1,114,Grešova,500,131,-48,359,1612362696742,3,15,31,36
21.24103,48.99236,23,P,2,2,Na Hlavnej,1,531,Okružná,800,654,38,405,1612360370567,3,14,52,50
21.24097,48.99242,29,P,9,531,Okružná,1,114,Grešova,500,109,-41,359,1612359079952,3,14,31,19
21.2411,48.99205,29,P,9,531,Okružná,1,114,Grešova,500,154,53,370,1612369794986,3,17,29,54
21.24108,48.99209,29,P,8,532,Floriánova,2,531,Okružná,540,540,100,370,1612376908525,3,19,28,28
21.24124,48.99218,23,P,2,2,Na Hlavnej,1,531,Okružná,800,621,-59,405,1612374867524,3,18,54,27
21.24143,48.99201,29,P,9,531,Okružná,1,114,Grešova,500,163,128,370,1612376923512,3,19,28,43
21.24111,48.99224,29,P,9,531,Okružná,1,114,Grešova,500,127,-13,359,1612351846864,3,12,30,46
21.24112,48.9921,29,P,9,531,Okružná,1,114,Grešova,500,145,-16,359,1612366268308,3,16,31,8
21.24132,48.99214,23,P,2,2,Na Hlavnej,1,531,Okružná,800,607,-9,405,1612371220747,3,17,53,40
21.24149,48.99199,29,P,9,531,Okružná,1,114,Grešova,500,186,-26,359,1612355478161,3,13,31,18
21.24119,48.99201,29,P,9,531,Okružná,1,114,Grešova,500,163,-44,359,1612359094960,3,14,31,34
21.2412,48.99219,23,P,2,2,Na Hlavnej,1,531,Okružná,800,630,-53,405,1612348456755,3,11,34,16
21.24106,48.99227,29,P,9,531,Okružná,1,114,Grešova,500,131,-14,359,1612348246738,3,11,30,46
21.24139,48.99195,29,P,9,531,Okružná,1,114,Grešova,500,181,-17,359,1612348261738,3,11,31,1
21.24126,48.99217,23,P,2,2,Na Hlavnej,1,531,Okružná,800,654,-41,385,1612886051867,9,16,54,11
21.24107,48.99233,29,P,9,531,Okružná,1,114,Grešova,500,122,7,354,1612895446385,9,19,30,46
21.24113,48.99207,29,P,9,531,Okružná,1,114,Grešova,500,127,-66,356,1612866707869,9,11,31,47
21.24104,48.99243,23,P,2,2,Na Hlavnej,1,531,Okružná,800,691,13,385,1612893210290,9,18,53,30
21.24127,48.99218,23,P,2,2,Na Hlavnej,1,531,Okružná,800,649,2,385,1612889608488,9,17,53,28
21.24111,48.99207,29,P,8,532,Floriánova,2,531,Okružná,540,540,-4,356,1612891814609,9,18,30,14
21.24113,48.99214,29,P,9,531,Okružná,1,114,Grešova,500,150,-73,356,1612870324623,9,12,32,4
21.24124,48.9922,23,P,2,2,Na Hlavnej,1,531,Okružná,800,658,-27,385,1612882450279,9,15,54,10
21.24148,48.99209,23,P,2,2,Na Hlavnej,1,531,Okružná,800,635,3,385,1612896812044,9,19,53,32
21.24129,48.99216,23,P,2,2,Na Hlavnej,1,531,Okružná,800,649,8,385,1612900413778,9,20,53,33
21.24112,48.99207,29,P,8,532,Floriánova,2,531,Okružná,540,540,-73,356,1612877497854,9,14,31,37
21.24113,48.99204,29,P,8,532,Floriánova,2,531,Okružná,540,540,-100,356,1612881129586,9,15,32,9
21.24107,48.99233,29,P,9,531,Okružná,1,114,Grešova,500,122,7,354,1612895431374,9,19,30,31
21.24114,48.9921,29,P,8,532,Floriánova,2,531,Okružná,540,540,-64,356,1612873881278,9,13,31,21
21.2411,48.99206,29,P,8,532,Floriánova,2,531,Okružná,540,540,-98,356,1612884716254,9,16,31,56
21.24123,48.99195,29,P,9,531,Okružná,1,114,Grešova,500,163,-99,354,1612888347929,9,17,32,27
21.24121,48.99195,29,P,9,531,Okružná,1,114,Grešova,500,145,23,356,1612891829616,9,18,30,29
21.24109,48.99208,29,P,8,532,Floriánova,2,531,Okružná,540,540,-152,393,1612794763688,8,15,32,43
21.24133,48.99213,23,P,2,2,Na Hlavnej,1,531,Okružná,800,621,-2,380,1612784018691,8,12,33,38
21.24136,48.99192,29,P,9,531,Okružná,1,114,Grešova,500,154,-126,393,1612794778695,8,15,32,58
21.24133,48.99197,29,P,9,531,Okružná,1,114,Grešova,500,159,-76,375,1612801937218,8,17,32,17
21.24138,48.99205,32,P,1,531,Okružná,1,532,Floriánova,400,0,-45,346,1612789916539,8,14,11,56
21.2411,48.99238,23,P,2,2,Na Hlavnej,1,531,Okružná,800,654,-14,380,1612806829464,8,18,53,49
21.24097,48.99242,29,P,9,531,Okružná,1,114,Grešova,500,100,-75,375,1612801922204,8,17,32,2
21.24112,48.99206,29,P,8,532,Floriánova,2,531,Okružná,540,540,-46,393,1612805463813,8,18,31,3
21.24128,48.99218,23,P,2,2,Na Hlavnej,1,531,Okružná,800,630,-15,380,1612814032979,8,20,53,52
21.24122,48.992,29,P,9,531,Okružná,1,114,Grešova,500,154,-49,393,1612780311875,8,11,31,51
21.24149,48.99208,23,P,2,2,Na Hlavnej,1,531,Okružná,800,607,0,380,1612799611113,8,16,53,31
21.24142,48.99197,29,P,9,531,Okružná,1,114,Grešova,500,159,-20,393,1612805478820,8,18,31,18
21.24138,48.99196,29,P,9,531,Okružná,1,114,Grešova,500,150,122,375,1612808930532,8,19,28,50
21.24135,48.99213,23,P,2,2,Na Hlavnej,1,531,Okružná,800,625,-5,380,1612810416213,8,19,53,36
21.24112,48.99203,29,P,9,531,Okružná,1,114,Grešova,500,150,-6,393,1612783868617,8,12,31,8
21.24107,48.99214,29,P,9,531,Okružná,1,114,Grešova,500,140,70,393,1612798185441,8,16,29,45
21.24137,48.99213,23,P,2,2,Na Hlavnej,1,531,Okružná,800,625,-22,380,1612803227794,8,17,53,47
21.24113,48.99211,29,P,9,531,Okružná,1,114,Grešova,500,136,-153,393,1612766715492,8,7,45,15
21.24115,48.99228,23,P,2,2,Na Hlavnej,1,531,Okružná,800,640,10,380,1612773198513,8,9,33,18
21.24135,48.99193,29,P,9,531,Okružná,1,114,Grešova,500,159,33,393,1612776620168,8,10,30,20
21.24103,48.99227,29,P,9,531,Okružná,1,114,Grešova,500,122,-47,393,1612763008728,8,6,43,28
21.2413,48.99191,29,P,9,531,Okružná,1,114,Grešova,500,163,-52,393,1612763023731,8,6,43,43
21.24093,48.99244,29,P,9,531,Okružná,1,114,Grešova,500,104,-151,393,1612769596858,8,8,33,16
21.24128,48.99218,23,P,2,2,Na Hlavnej,1,531,Okružná,800,630,-165,380,1612762573499,8,6,36,13
21.24145,48.99209,23,P,2,2,Na Hlavnej,1,531,Okružná,800,616,-96,380,1612766100181,8,7,35,0
21.2413,48.99197,29,P,9,531,Okružná,1,114,Grešova,500,163,-152,393,1612769611857,8,8,33,31
21.24114,48.992,29,P,9,531,Okružná,1,114,Grešova,500,150,-13,393,1612773063447,8,9,31,3
21.24108,48.99218,29,P,8,532,Floriánova,2,531,Okružná,540,540,12,393,1612776605167,8,10,30,5
21.24117,48.99197,29,P,9,531,Okružná,1,114,Grešova,500,154,-21,392,1612600271126,6,9,31,11
21.24147,48.99199,29,P,9,531,Okružná,1,114,Grešova,500,163,-23,394,1612679479237,7,7,31,19
21.24137,48.99195,29,P,9,531,Okružná,1,114,Grešova,500,181,-58,356,1612849449834,9,6,44,9
21.24111,48.99225,29,P,9,531,Okružná,1,114,Grešova,500,131,-41,356,1612859489610,9,9,31,29
21.24131,48.99215,23,P,2,2,Na Hlavnej,1,531,Okružná,800,649,-225,385,1612849044625,9,6,37,24
21.24106,48.99219,29,P,9,531,Okružná,1,114,Grešova,500,136,-53,356,1612849434831,9,6,43,54
21.24106,48.99212,29,P,9,531,Okružná,1,114,Grešova,500,150,-328,356,1612853291641,9,7,48,11
21.24142,48.9921,23,P,2,2,Na Hlavnej,1,531,Okružná,800,640,-68,385,1612859684721,9,9,34,44
21.24146,48.99209,23,P,2,2,Na Hlavnej,1,531,Okružná,800,630,17,385,1612863196296,9,10,33,16
21.24143,48.99212,23,P,2,2,Na Hlavnej,1,531,Okružná,800,635,-230,385,1612845442886,9,5,37,22
21.2412,48.992,29,P,9,531,Okružná,1,114,Grešova,500,159,-414,356,1612856263042,9,8,37,43
21.24108,48.99227,29,P,9,531,Okružná,1,114,Grešova,500,127,-408,356,1612856248031,9,8,37,28
21.24128,48.99193,29,P,9,531,Okružná,1,114,Grešova,500,177,0,356,1612863061213,9,10,31,1
21.24147,48.99197,29,P,9,531,Okružná,1,114,Grešova,500,186,-43,356,1612859504614,9,9,31,44
21.24108,48.99226,29,P,9,531,Okružná,1,114,Grešova,500,131,3,356,1612863046211,9,10,30,46
21.24142,48.99208,23,P,2,2,Na Hlavnej,1,531,Okružná,800,611,33,390,1612675967635,7,6,32,47
21.24121,48.99197,29,P,9,531,Okružná,1,114,Grešova,500,163,20,394,1612683035861,7,8,30,35
21.2411,48.9921,29,P,8,532,Floriánova,2,531,Okružná,540,540,-50,394,1612679464233,7,7,31,4
21.24135,48.99193,29,P,9,531,Okružná,1,114,Grešova,500,163,44,378,1612693795867,7,11,29,55
21.24108,48.99207,29,P,8,532,Floriánova,2,531,Okružná,540,540,-74,378,1612701089231,7,13,31,29
21.24099,48.99235,29,P,9,531,Okružná,1,114,Grešova,500,118,-33,394,1612704675978,7,14,31,15
21.24146,48.99196,29,P,9,531,Okružná,1,114,Grešova,500,159,-87,378,1612722744453,7,19,32,24
21.24108,48.9924,29,P,9,531,Okružná,1,114,Grešova,500,113,47,378,1612693780858,7,11,29,40
21.2411,48.99205,29,P,9,531,Okružná,1,114,Grešova,500,145,-176,378,1612708427738,7,15,33,47
21.24113,48.99202,29,P,9,531,Okružná,1,114,Grešova,500,159,-44,394,1612719097714,7,18,31,37
21.24109,48.99219,29,P,9,531,Okružná,1,114,Grešova,500,127,-16,392,1612621866527,6,15,31,6
21.24108,48.99213,29,P,9,531,Okružná,1,114,Grešova,500,145,89,394,1612711759207,7,16,29,19
21.24108,48.99213,29,P,9,531,Okružná,1,114,Grešova,500,140,-47,378,1612715495946,7,17,31,35
21.24149,48.99199,29,P,9,531,Okružná,1,114,Grešova,500,159,-50,378,1612701104240,7,13,31,44
21.24135,48.99216,23,P,2,2,Na Hlavnej,1,531,Okružná,800,640,42,385,1612711083918,7,16,18,3
21.24113,48.99208,29,P,9,531,Okružná,1,114,Grešova,500,127,76,394,1612697367490,7,12,29,27
21.24109,48.99215,29,P,9,531,Okružná,1,114,Grešova,500,136,-22,394,1612719082703,7,18,31,22
21.24124,48.99194,29,P,9,531,Okružná,1,114,Grešova,500,145,-80,378,1612722729442,7,19,32,9
21.24112,48.99198,29,P,9,531,Okružná,1,114,Grešova,500,159,-20,394,1612676597885,7,6,43,17
21.24098,48.99237,29,P,8,532,Floriánova,2,531,Okružná,540,540,-79,378,1612686697527,7,9,31,37
21.24109,48.99214,29,P,9,531,Okružná,1,114,Grešova,500,145,-64,380,1612593112864,6,7,31,52
21.24107,48.99214,29,P,9,531,Okružná,1,114,Grešova,500,136,-39,397,1612935815899,10,6,43,35
21.24109,48.99212,29,P,9,531,Okružná,1,114,Grešova,500,140,-78,397,1612949532448,10,10,32,12
21.24134,48.99196,29,P,9,531,Okružná,1,114,Grešova,500,163,-316,397,1612942584053,10,8,36,24
21.2411,48.99212,29,P,9,531,Okružná,1,114,Grešova,500,136,-206,397,1612939582725,10,7,46,22
21.24146,48.99197,29,P,9,531,Okružná,1,114,Grešova,500,177,-59,397,1612945930635,10,9,32,10
21.24106,48.99236,23,P,2,2,Na Hlavnej,1,531,Okružná,800,658,-156,364,1612936881390,10,7,1,21
21.24109,48.99217,29,P,9,531,Okružná,1,114,Grešova,500,131,-55,397,1612945915628,10,9,31,55
21.24091,48.99248,29,P,9,531,Okružná,1,114,Grešova,500,104,63,376,1614258990082,25,14,16,30
21.24132,48.99211,23,P,2,2,Na Hlavnej,1,531,Okružná,800,644,-56,368,1614271265720,25,17,41,5
21.2411,48.99204,29,P,9,531,Okružná,1,114,Grešova,500,154,37,359,1614269810039,25,17,16,50
21.24091,48.99249,29,P,9,531,Okružná,1,114,Grešova,500,100,-27,376,1614273471683,25,18,17,51
21.24136,48.99192,29,P,9,531,Okružná,1,114,Grešova,500,177,-24,376,1614273486689,25,18,18,6
21.24131,48.99196,29,P,9,531,Okružná,1,114,Grešova,500,172,87,359,1614276968138,25,19,16,8
21.24108,48.99222,29,P,9,531,Okružná,1,114,Grešova,500,136,-68,376,1614262726645,25,15,18,46
21.24138,48.99196,29,P,9,531,Okružná,1,114,Grešova,500,181,67,376,1614259005087,25,14,16,45
21.24132,48.99193,29,P,9,531,Okružná,1,114,Grešova,500,177,-43,376,1614266313427,25,16,18,33
21.24106,48.99228,29,P,9,531,Okružná,1,114,Grešova,500,131,40,376,1614255418535,25,13,16,58
21.24109,48.99229,23,P,2,2,Na Hlavnej,1,531,Okružná,800,677,-20,368,1614274837268,25,18,40,37
21.24131,48.99196,29,P,9,531,Okružná,1,114,Grešova,500,172,87,359,1614276983145,25,19,16,23
21.24105,48.99217,29,P,9,531,Okružná,1,114,Grešova,500,136,104,393,1614317277016,26,6,27,57
21.24103,48.99235,29,P,9,531,Okružná,1,114,Grešova,500,113,87,393,1614320878949,26,7,27,58
21.24095,48.99238,29,P,9,531,Okružná,1,114,Grešova,500,104,82,393,1614323775303,26,8,16,15
21.24098,48.99241,29,P,9,531,Okružná,1,114,Grešova,500,104,-51,393,1614338286629,26,12,18,6
21.24142,48.992,29,P,9,531,Okružná,1,114,Grešova,500,172,87,393,1614320893951,26,7,28,13
21.24139,48.99198,29,P,9,531,Okružná,1,114,Grešova,500,168,-54,393,1614331128407,26,10,18,48
21.2411,48.99225,29,P,9,531,Okružná,1,114,Grešova,500,127,-153,393,1614345610181,26,14,20,10
21.24141,48.99208,23,P,2,2,Na Hlavnej,1,531,Okružná,800,635,17,368,1614354014268,26,16,40,14
21.24111,48.99206,29,P,8,532,Floriánova,2,531,Okružná,540,540,-107,393,1614352738617,26,16,18,58
21.2411,48.99204,29,P,9,531,Okružná,1,114,Grešova,500,150,-91,393,1614349151761,26,15,19,11
21.24126,48.99192,29,P,9,531,Okružná,1,114,Grešova,500,163,-77,375,1614356355478,26,17,19,15
21.2411,48.99201,29,P,9,531,Okružná,1,114,Grešova,500,136,-79,375,1614363543895,26,19,19,3
21.24119,48.99199,29,P,9,531,Okružná,1,114,Grešova,500,154,102,393,1614341753267,26,13,15,53
21.24101,48.99232,29,P,9,531,Okružná,1,114,Grešova,500,118,-74,375,1614356340474,26,17,19,0
21.24109,48.99207,29,P,8,532,Floriánova,2,531,Okružná,540,540,-106,375,1614363528894,26,19,18,48
21.2411,48.99209,29,P,9,531,Okružná,1,114,Grešova,500,145,-100,393,1614359957213,26,18,19,17
21.24137,48.99212,23,P,2,2,Na Hlavnej,1,531,Okružná,800,644,40,368,1614364789479,26,19,39,49
21.24113,48.99203,29,P,9,531,Okružná,1,114,Grešova,500,159,-10,376,1614244658158,25,10,17,38
21.24098,48.9925,23,P,2,2,Na Hlavnej,1,531,Okružná,800,715,-74,368,1614230506584,25,6,21,46
21.24111,48.99205,29,P,9,531,Okružná,1,114,Grešova,500,154,-1,376,1614237454834,25,8,17,34
21.24113,48.992,29,P,9,531,Okružná,1,114,Grešova,500,159,29,376,1614241026447,25,9,17,6
21.24112,48.992,29,P,9,531,Okružná,1,114,Grešova,500,159,-9,376,1614230986782,25,6,29,46
21.24095,48.99247,29,P,9,531,Okružná,1,114,Grešova,500,104,-9,376,1614234573523,25,7,29,33
21.24113,48.99203,29,P,9,531,Okružná,1,114,Grešova,500,159,-11,376,1614234588512,25,7,29,48
21.24122,48.99217,23,P,2,2,Na Hlavnej,1,531,Okružná,800,663,26,368,1614226799793,25,5,19,59
21.24099,48.99242,29,P,9,531,Okružná,1,114,Grešova,500,113,-5,376,1614248244813,25,11,17,24
21.24123,48.99193,29,P,9,531,Okružná,1,114,Grešova,500,172,-5,376,1614248259817,25,11,17,39
21.2411,48.9921,29,P,9,531,Okružná,1,114,Grešova,500,150,34,376,1614251816627,25,12,16,56
21.24108,48.9923,23,P,2,2,Na Hlavnej,1,531,Okružná,800,635,44,404,1613065991632,11,18,53,11
21.24114,48.99228,23,P,2,2,Na Hlavnej,1,531,Okružná,800,616,52,404,1613062375211,11,17,52,55
21.24138,48.99195,29,P,9,531,Okružná,1,114,Grešova,500,172,-1,359,1614144576223,24,6,29,36
21.24105,48.99224,29,P,9,531,Okružná,1,114,Grešova,500,127,-232,359,1614158488084,24,10,21,28
21.24097,48.99246,23,P,2,2,Na Hlavnej,1,531,Okružná,800,691,88,408,1614141829953,24,5,43,49
21.24098,48.99245,29,P,9,531,Okružná,1,114,Grešova,500,109,-2,359,1614144561216,24,6,29,21
21.24096,48.9925,29,P,9,531,Okružná,1,114,Grešova,500,100,-100,359,1614154751391,24,9,19,11
21.24105,48.99234,29,P,9,531,Okružná,1,114,Grešova,500,122,37,359,1614165421308,24,12,17,1
21.24102,48.99242,23,P,2,2,Na Hlavnej,1,531,Okružná,800,687,99,405,1614098324626,23,17,38,44
21.24107,48.99213,29,P,9,531,Okružná,1,114,Grešova,500,140,20,376,1614183444065,24,17,17,24
21.24139,48.99198,29,P,9,531,Okružná,1,114,Grešova,500,168,27,359,1614179827397,24,16,17,7
21.24136,48.99196,29,P,9,531,Okružná,1,114,Grešova,500,172,46,359,1614187016038,24,18,16,56
21.24101,48.99239,29,P,9,531,Okružná,1,114,Grešova,500,113,48,359,1614187001032,24,18,16,41
21.2412,48.99199,29,P,9,531,Okružná,1,114,Grešova,500,163,-15,380,1612596669488,6,8,31,9
21.24109,48.99213,29,P,9,531,Okružná,1,114,Grešova,500,140,-86,380,1612603932901,6,10,32,12
21.2412,48.99197,29,P,9,531,Okružná,1,114,Grešova,500,159,-46,380,1612618294762,6,14,31,34
21.24115,48.99208,29,P,8,532,Floriánova,2,531,Okružná,540,540,33,392,1612636213433,6,19,30,13
21.24117,48.99202,29,P,9,531,Okružná,1,114,Grešova,500,150,9,392,1612607444657,6,11,30,44
21.24109,48.99209,29,P,8,532,Floriánova,2,531,Okružná,540,540,41,380,1612625378217,6,16,29,38
21.24134,48.99195,29,P,9,531,Okružná,1,114,Grešova,500,150,67,380,1612625393229,6,16,29,53
21.24115,48.99208,29,P,8,532,Floriánova,2,531,Okružná,540,540,33,392,1612636198429,6,19,29,58
21.24115,48.99196,29,P,9,531,Okružná,1,114,Grešova,500,140,27,380,1612632611655,6,18,30,11
21.24124,48.99193,29,P,9,531,Okružná,1,114,Grešova,500,145,167,392,1612614483073,6,13,28,3
21.24105,48.99226,29,P,9,531,Okružná,1,114,Grešova,500,122,-83,392,1612629130033,6,17,32,10
21.24115,48.99208,29,P,8,532,Floriánova,2,531,Okružná,540,540,33,392,1612636183685,6,19,29,43
21.2409,48.9925,29,P,9,531,Okružná,1,114,Grešova,500,104,-68,380,1612590231479,6,6,43,51
21.24109,48.99203,29,P,9,531,Okružná,1,114,Grešova,500,159,-71,380,1612590246484,6,6,44,6
21.24139,48.99196,29,P,9,531,Okružná,1,114,Grešova,500,168,108,378,1613823339597,20,13,15,39
21.24111,48.99208,29,P,8,532,Floriánova,2,531,Okružná,540,540,-6,378,1613830618305,20,15,16,58
21.24122,48.99195,29,P,9,531,Okružná,1,114,Grešova,500,140,26,378,1613837806679,20,17,16,46
21.24107,48.99231,29,P,9,531,Okružná,1,114,Grešova,500,140,-8,400,1613841438355,20,18,17,18
21.24113,48.99211,29,P,8,532,Floriánova,2,531,Okružná,540,540,-4,378,1613845010205,20,19,16,50
21.24113,48.99211,29,P,8,532,Floriánova,2,531,Okružná,540,540,-4,378,1613845040219,20,19,17,20
21.24143,48.99209,23,P,2,2,Na Hlavnej,1,531,Okružná,800,640,-7,385,1613811919126,20,10,5,19
21.24111,48.99233,23,P,2,2,Na Hlavnej,1,531,Okružná,800,677,55,385,1613833469626,20,16,4,29
21.24113,48.99211,29,P,8,532,Floriánova,2,531,Okružná,540,540,-4,378,1613845025205,20,19,17,5
21.24108,48.99217,29,P,9,531,Okružná,1,114,Grešova,500,145,27,366,1613798937970,20,6,28,57
21.24106,48.9923,29,P,9,531,Okružná,1,114,Grešova,500,140,-70,366,1613812714541,20,10,18,34
21.24106,48.99222,29,P,9,531,Okružná,1,114,Grešova,500,140,-62,366,1613801909366,20,7,18,29
21.24107,48.99246,23,P,2,2,Na Hlavnej,1,531,Okružná,800,715,46,385,1613804685723,20,8,4,45
21.24113,48.99198,29,P,9,531,Okružná,1,114,Grešova,500,154,58,378,1613816181020,20,11,16,21
21.24113,48.99206,29,P,9,531,Okružná,1,114,Grešova,500,159,-30,366,1613827076560,20,14,17,56
21.24144,48.992,29,P,9,531,Okružná,1,114,Grešova,500,186,-66,366,1613801924374,20,7,18,44
21.24134,48.99195,29,P,9,531,Okružná,1,114,Grešova,500,163,0,378,1613809037828,20,9,17,17
21.24139,48.99191,29,P,9,531,Okružná,1,114,Grešova,500,172,-1,378,1613909855758,21,13,17,35
21.2414,48.99214,23,P,2,2,Na Hlavnej,1,531,Okružná,800,644,63,385,1613912647031,21,14,4,7
21.24107,48.99206,29,P,8,532,Floriánova,2,531,Okružná,540,540,22,378,1613924202509,21,17,16,42
21.24146,48.99194,29,P,9,531,Okružná,1,114,Grešova,500,159,46,378,1613924217537,21,17,16,57
21.24144,48.9921,23,P,2,2,Na Hlavnej,1,531,Okružná,800,635,-15,385,1613927128910,21,18,5,28
21.24114,48.99211,29,P,8,532,Floriánova,2,531,Okružná,540,540,12,378,1613931405930,21,19,16,45
21.24145,48.99195,29,P,9,531,Okružná,1,114,Grešova,500,154,27,378,1613917029025,21,15,17,9
21.24111,48.99203,29,P,8,532,Floriánova,2,531,Okružná,540,540,2,378,1613917014014,21,15,16,54
21.24146,48.99196,29,P,9,531,Okružná,1,114,Grešova,500,163,37,378,1613931420943,21,19,17,0
21.24127,48.99197,29,P,9,531,Okružná,1,114,Grešova,500,168,35,397,1613737004023,19,13,16,44
21.2411,48.99209,29,P,8,532,Floriánova,2,531,Okružná,540,540,-36,375,1613758643533,19,19,17,23
21.24115,48.9923,23,P,2,2,Na Hlavnej,1,531,Okružná,800,649,-14,365,1613737214026,19,13,20,14
21.24141,48.99198,29,P,9,531,Okružná,1,114,Grešova,500,177,-56,397,1613744296915,19,15,18,16
21.24106,48.99215,29,P,9,531,Okružná,1,114,Grešova,500,136,-81,375,1613751530213,19,17,18,50
21.24132,48.99195,29,P,9,531,Okružná,1,114,Grešova,500,172,-9,397,1613755041905,19,18,17,21
21.24085,48.99234,29,P,9,531,Okružná,1,114,Grešova,500,118,38,397,1613736989038,19,13,16,29
21.2411,48.99221,29,P,9,531,Okružná,1,114,Grešova,500,131,-54,397,1613740695073,19,14,18,15
21.24116,48.99203,29,P,9,531,Okružná,1,114,Grešova,500,154,-63,397,1613740710084,19,14,18,30
21.2409,48.99249,29,P,9,531,Okružná,1,114,Grešova,500,100,69,397,1613747763442,19,16,16,3
21.24134,48.99194,29,P,9,531,Okružná,1,114,Grešova,500,172,71,397,1613747778455,19,16,16,18
21.24142,48.9921,23,P,2,2,Na Hlavnej,1,531,Okružná,800,621,-4,377,1613752805796,19,17,40,5
21.2411,48.99221,29,P,9,531,Okružná,1,114,Grešova,500,131,-54,397,1613740680059,19,14,18,0
21.24135,48.99215,23,P,2,2,Na Hlavnej,1,531,Okružná,800,625,-118,365,1613742120768,19,14,42,0
21.24141,48.9921,23,P,2,2,Na Hlavnej,1,531,Okružná,800,621,-174,365,1613745767543,19,15,42,47
21.24118,48.99226,23,P,2,2,Na Hlavnej,1,531,Okružná,800,644,-58,365,1613763670951,19,20,41,10
21.24095,48.99225,29,P,9,531,Okružná,1,114,Grešova,500,131,-4,397,1613755026903,19,18,17,6
21.24108,48.99226,29,P,9,531,Okružná,1,114,Grešova,500,131,-59,346,1613068317758,11,19,31,57
21.24147,48.99199,29,P,9,531,Okružná,1,114,Grešova,500,186,-60,346,1613068332768,11,19,32,12
21.24106,48.99216,29,P,9,531,Okružná,1,114,Grešova,500,136,-167,397,1613064821047,11,18,33,41
21.24107,48.99209,29,P,9,531,Okružná,1,114,Grešova,500,150,-19,376,1614089877287,23,15,17,57
21.2412,48.99215,23,P,2,2,Na Hlavnej,1,531,Okružná,800,621,39,405,1614082766181,23,13,19,26
21.24104,48.99231,29,P,9,531,Okružná,1,114,Grešova,500,127,23,376,1614082631168,23,13,17,11
21.24136,48.99193,29,P,9,531,Okružná,1,114,Grešova,500,181,20,376,1614082646183,23,13,17,26
21.24101,48.99241,23,P,2,2,Na Hlavnej,1,531,Okružná,800,658,-95,405,1614087716235,23,14,41,56
21.24104,48.9923,29,P,9,531,Okružná,1,114,Grešova,500,122,1,378,1613909840750,21,13,17,20
21.24112,48.99211,29,P,9,531,Okružná,1,114,Grešova,500,154,-33,376,1614071886660,23,10,18,6
21.24111,48.99223,29,P,9,531,Okružná,1,114,Grešova,500,136,-21,376,1614075473376,23,11,17,53
21.24114,48.99207,29,P,9,531,Okružná,1,114,Grešova,500,150,-104,359,1614151164409,24,8,19,24
21.24138,48.99195,29,P,9,531,Okružná,1,114,Grešova,500,177,-234,359,1614158503096,24,10,21,43
21.24094,48.9925,29,P,9,531,Okružná,1,114,Grešova,500,100,-153,359,1614148312955,24,7,31,52
21.24141,48.99199,29,P,9,531,Okružná,1,114,Grešova,500,172,-152,359,1614148327962,24,7,32,7
21.24114,48.99206,29,P,9,531,Okružná,1,114,Grešova,500,150,-102,359,1614154766380,24,9,19,26
21.24119,48.99204,29,P,9,531,Okružná,1,114,Grešova,500,159,-139,359,1614161999703,24,11,19,59
21.24108,48.99214,29,P,9,531,Okružná,1,114,Grešova,500,145,2,357,1614097064007,23,17,17,44
21.24106,48.99214,29,P,9,531,Okružná,1,114,Grešova,500,145,-100,376,1614010747983,22,17,19,7
21.24137,48.99195,29,P,9,531,Okružná,1,114,Grešova,500,163,-90,375,1613996356353,22,13,19,16
21.24102,48.99247,23,P,2,2,Na Hlavnej,1,531,Okružná,800,668,-115,380,1614001323605,22,14,42,3
21.24146,48.99198,29,P,9,531,Okružná,1,114,Grešova,500,154,-26,375,1614014274562,22,18,17,54
21.24119,48.99225,23,P,2,2,Na Hlavnej,1,531,Okružná,800,649,-87,380,1613974896147,22,7,21,36
21.24109,48.9922,29,P,9,531,Okružná,1,114,Grešova,500,131,-131,375,1613985581168,22,10,19,41
21.24109,48.99214,29,P,9,531,Okružná,1,114,Grešova,500,131,42,375,1613992619619,22,12,16,59
21.24091,48.99247,29,P,9,531,Okružná,1,114,Grešova,500,95,16,375,1613975346376,22,7,29,6
21.24116,48.99193,29,P,9,531,Okružná,1,114,Grešova,500,154,-4,375,1613978257732,22,8,17,37
21.24121,48.99226,23,P,2,2,Na Hlavnej,1,531,Okružná,800,640,-125,380,1614019331811,22,19,42,11
21.24103,48.99236,29,P,9,531,Okružná,1,114,Grešova,500,109,-55,375,1614003499688,22,15,18,19
21.2411,48.99215,29,P,9,531,Okružná,1,114,Grešova,500,131,-91,375,1614007131120,22,16,18,51
21.24115,48.99201,29,P,9,531,Okružná,1,114,Grešova,500,159,20,376,1614017831111,22,19,17,11
21.24138,48.99213,23,P,2,2,Na Hlavnej,1,531,Okružná,800,597,-21,403,1613972705227,22,6,45,5
21.24121,48.99196,29,P,9,531,Okružná,1,114,Grešova,500,154,-33,375,1613999882952,22,14,18,2
21.24106,48.99215,29,P,9,531,Okružná,1,114,Grešova,500,131,-21,375,1613971789870,22,6,29,49
21.24117,48.99195,29,P,9,531,Okružná,1,114,Grešova,500,150,54,375,1613981799433,22,9,16,39
21.24133,48.9921,23,P,2,2,Na Hlavnej,1,531,Okružná,800,611,-49,405,1614054058261,23,5,20,58
21.24126,48.99217,23,P,2,2,Na Hlavnej,1,531,Okružná,800,640,35,400,1614059085865,23,6,44,45
21.24145,48.99207,23,P,2,2,Na Hlavnej,1,531,Okružná,800,597,-12,405,1614075608433,23,11,20,8
21.24108,48.99214,29,P,9,531,Okružná,1,114,Grešova,500,145,66,376,1614078985028,23,12,16,25
21.24109,48.9922,29,P,9,531,Okružná,1,114,Grešova,500,140,32,376,1614068210072,23,9,16,50
21.24149,48.99204,23,P,2,2,Na Hlavnej,1,531,Okružná,800,592,46,405,1614057555237,23,6,19,15
21.24093,48.99247,29,P,9,531,Okružná,1,114,Grešova,500,113,-152,376,1614061922186,23,7,32,2
21.24112,48.99218,29,P,9,531,Okružná,1,114,Grešova,500,150,-32,376,1614075488380,23,11,18,8
21.24139,48.99195,29,P,9,531,Okružná,1,114,Grešova,500,163,17,375,1613975361360,22,7,29,21
21.24113,48.99201,29,P,9,531,Okružná,1,114,Grešova,500,150,-40,375,1613989092756,22,11,18,12
21.24135,48.99194,29,P,9,531,Okružná,1,114,Grešova,500,181,-151,376,1614061937206,23,7,32,17
21.24108,48.99222,29,P,9,531,Okružná,1,114,Grešova,500,136,-11,376,1614064653400,23,8,17,33
21.24126,48.99194,29,P,9,531,Okružná,1,114,Grešova,500,172,-18,376,1614064668414,23,8,17,48
21.24108,48.99221,29,P,9,531,Okružná,1,114,Grešova,500,122,-85,375,1613996341354,22,13,19,1
21.2411,48.99209,29,P,8,532,Floriánova,2,531,Okružná,540,540,33,376,1614093387532,23,16,16,27
21.24101,48.99237,29,P,8,532,Floriánova,2,531,Okružná,540,540,49,376,1614093372524,23,16,16,12
21.24116,48.992,29,P,9,531,Okružná,1,114,Grešova,500,154,21,359,1614172639719,24,14,17,19
21.24109,48.99219,29,P,9,531,Okružná,1,114,Grešova,500,131,60,359,1614176195798,24,15,16,35
21.24107,48.99229,29,P,9,531,Okružná,1,114,Grešova,500,118,-102,359,1614169158087,24,13,19,18
21.24123,48.99197,29,P,9,531,Okružná,1,114,Grešova,500,159,-107,359,1614169173074,24,13,19,33
21.24102,48.99231,29,P,9,531,Okružná,1,114,Grešova,500,113,23,380,1614410229830,27,8,17,9
21.24122,48.99192,29,P,9,531,Okružná,1,114,Grešova,500,163,20,380,1614410244853,27,8,17,24
21.24103,48.99216,29,P,9,531,Okružná,1,114,Grešova,500,131,-17,378,1614413876555,27,9,17,56
21.24102,48.99238,29,P,9,531,Okružná,1,114,Grešova,500,118,-13,380,1614417477978,27,10,17,57
21.24103,48.99227,29,P,9,531,Okružná,1,114,Grešova,500,122,-154,378,1614421214657,27,11,20,14
21.24118,48.99225,23,P,2,2,Na Hlavnej,1,531,Okružná,800,635,45,392,1614423885780,27,12,4,45
21.24095,48.99246,29,P,9,531,Okružná,1,114,Grešova,500,113,82,380,1614403687141,27,6,28,7
21.24109,48.99206,29,P,9,531,Okružná,1,114,Grešova,500,127,10,380,1614406643412,27,7,17,23
21.24133,48.99212,23,P,2,2,Na Hlavnej,1,531,Okružná,800,616,47,392,1614409479601,27,8,4,39
21.24097,48.99247,10,P,1,117,Fakultná nemocnica,1,116,Detská nemocnica,284,0,-31,379,1614402036379,27,6,0,36
21.24142,48.992,29,P,9,531,Okružná,1,114,Grešova,500,172,80,380,1614403702148,27,6,28,22
21.24144,48.99198,29,P,9,531,Okružná,1,114,Grešova,500,177,-21,378,1614413891557,27,9,18,11
21.24102,48.99227,29,P,9,531,Okružná,1,114,Grešova,500,122,48,380,1614424621138,27,12,17,1
21.24114,48.99194,23,P,3,531,Okružná,1,532,Floriánova,400,400,34,374,1614489764665,28,6,22,44
21.24109,48.99206,29,P,9,531,Okružná,1,114,Grešova,500,145,14,392,1614493051149,28,7,17,31
21.24144,48.99208,23,P,2,2,Na Hlavnej,1,531,Okružná,800,611,48,379,1614495887475,28,8,4,47
21.2411,48.99208,29,P,9,531,Okružná,1,114,Grešova,500,140,24,392,1614511029082,28,12,17,9
21.2411,48.99209,29,P,9,531,Okružná,1,114,Grešova,500,140,73,392,1614490109793,28,6,28,29
21.24101,48.99234,29,P,9,531,Okružná,1,114,Grešova,500,113,-18,392,1614496682875,28,8,18,2
21.24124,48.99196,29,P,9,531,Okružná,1,114,Grešova,500,159,56,378,1614500194450,28,9,16,34
21.24131,48.99186,29,P,9,531,Okružná,1,114,Grešova,500,168,75,378,1614507382559,28,11,16,22
21.24127,48.99222,23,P,2,2,Na Hlavnej,1,531,Okružná,800,640,66,379,1614503060634,28,10,4,20
21.24111,48.99237,29,P,9,531,Okružná,1,114,Grešova,500,113,78,378,1614507367568,28,11,16,7
21.24146,48.99199,29,P,9,531,Okružná,1,114,Grešova,500,177,-18,392,1614496697882,28,8,18,17
21.24113,48.99206,29,P,8,532,Floriánova,2,531,Okružná,540,540,-29,392,1614503856017,28,10,17,36
21.24096,48.99241,29,P,9,531,Okružná,1,114,Grešova,500,104,-28,393,1614580210269,1,7,30,10
21.24133,48.99212,23,P,2,2,Na Hlavnej,1,531,Okružná,800,621,80,365,1614579549963,1,7,19,9
21.24097,48.99242,29,P,9,531,Okružná,1,114,Grešova,500,118,82,393,1614582986526,1,8,16,26
21.24107,48.99212,29,P,9,531,Okružná,1,114,Grešova,500,136,-135,393,1614586798205,1,9,19,58
21.24109,48.99208,29,P,9,531,Okružná,1,114,Grešova,500,145,20,393,1614576563586,1,6,29,23
21.24109,48.99216,29,P,9,531,Okružná,1,114,Grešova,500,150,66,393,1614590204695,1,10,16,44
21.24106,48.9922,29,P,9,531,Okružná,1,114,Grešova,500,131,-35,393,1614593911377,1,11,18,31
21.2412,48.99199,29,P,9,531,Okružná,1,114,Grešova,500,159,-30,393,1614580225274,1,7,30,25
21.24112,48.99194,29,P,9,531,Okružná,1,114,Grešova,500,154,-25,380,1614431899315,27,14,18,19
21.2411,48.99209,29,P,8,532,Floriánova,2,531,Okružná,540,540,-47,378,1614435471074,27,15,17,51
21.24096,48.99245,29,P,9,531,Okružná,1,114,Grešova,500,100,-57,380,1614446305880,27,18,18,25
21.24102,48.99248,23,P,2,2,Na Hlavnej,1,531,Okružná,800,672,67,379,1614517467296,28,14,4,27
21.24109,48.99196,29,P,9,531,Okružná,1,114,Grešova,500,145,64,378,1614521804298,28,15,16,44
21.24099,48.99232,29,P,8,532,Floriánova,2,531,Okružná,540,540,27,378,1614536195376,28,19,16,35
21.24112,48.99203,29,P,9,531,Okružná,1,114,Grešova,500,145,46,392,1614525420695,28,16,17,0
21.24111,48.99213,29,P,9,531,Okružná,1,114,Grešova,500,136,-49,392,1614532698948,28,18,18,18
21.2414,48.99192,29,P,9,531,Okružná,1,114,Grešova,500,159,47,378,1614536225397,28,19,17,5
21.24121,48.99196,29,P,9,531,Okružná,1,114,Grešova,500,163,-47,378,1614514705929,28,13,18,25
21.24108,48.99208,29,P,8,532,Floriánova,2,531,Okružná,540,540,22,378,1614536210380,28,19,16,50
21.24111,48.9921,29,P,9,531,Okružná,1,114,Grešova,500,136,111,392,1614518157601,28,14,15,57
21.24127,48.99191,29,P,9,531,Okružná,1,114,Grešova,500,159,57,378,1614529007347,28,17,16,47
21.24133,48.99195,29,P,9,531,Okružná,1,114,Grešova,500,163,-57,380,1614446320881,27,18,18,40
21.24106,48.99216,29,P,9,531,Okružná,1,114,Grešova,500,131,-17,380,1614431884327,27,14,18,4
21.24108,48.99211,29,P,9,531,Okružná,1,114,Grešova,500,140,-38,380,1614439102696,27,16,18,22
21.2411,48.99225,29,P,8,532,Floriánova,2,531,Okružná,540,540,30,378,1614449802189,27,19,16,42
21.2411,48.99225,29,P,8,532,Floriánova,2,531,Okružná,540,540,30,378,1614449817204,27,19,16,57
21.24119,48.99209,29,P,8,532,Floriánova,2,531,Okružná,540,540,41,378,1614428192634,27,13,16,32
21.24111,48.9921,29,P,9,531,Okružná,1,114,Grešova,500,127,68,378,1614442584396,27,17,16,24
21.24137,48.99211,23,P,2,2,Na Hlavnej,1,531,Okružná,800,616,40,392,1614445480561,27,18,4,40
21.24145,48.9921,23,P,2,2,Na Hlavnej,1,531,Okružná,800,616,-62,365,1614609683348,1,15,41,23
21.24106,48.99242,23,P,2,2,Na Hlavnej,1,531,Okružná,800,672,0,365,1614624029759,1,19,40,29
21.24118,48.99224,23,P,2,2,Na Hlavnej,1,531,Okružná,800,640,-73,365,1614606096925,1,14,41,36
21.24116,48.99237,23,P,2,2,Na Hlavnej,1,531,Okružná,800,658,-24,365,1614613254716,1,16,40,54
21.24109,48.99205,29,P,9,531,Okružná,1,114,Grešova,500,127,-49,393,1614619122511,1,18,18,42
21.24111,48.99239,23,P,2,2,Na Hlavnej,1,531,Okružná,800,658,36,365,1614620398077,1,18,39,58
21.24108,48.99215,29,P,8,532,Floriánova,2,531,Okružná,540,540,82,397,1614622544096,1,19,15,44
21.24111,48.99207,29,P,9,531,Okružná,1,114,Grešova,500,150,-276,393,1614604941434,1,14,22,21
21.24138,48.99198,29,P,9,531,Okružná,1,114,Grešova,500,150,-205,393,1614608467854,1,15,21,7
21.24105,48.99223,29,P,9,531,Okružná,1,114,Grešova,500,131,37,397,1614615430693,1,17,17,10
21.24111,48.99213,29,P,9,531,Okružná,1,114,Grešova,500,145,71,393,1614600994645,1,13,16,34
21.24113,48.99233,23,P,2,2,Na Hlavnej,1,531,Okružná,800,658,16,365,1614601204730,1,13,20,4
21.24112,48.99196,29,P,9,531,Okružná,1,114,Grešova,500,163,-46,393,1614611919275,1,16,18,39
21.24093,48.99246,29,P,8,532,Floriánova,2,531,Okružná,540,540,-63,393,1614619107510,1,18,18,27
21.2413,48.99194,29,P,9,531,Okružná,1,114,Grešova,500,145,-125,393,1614673190370,2,9,19,50
21.24108,48.9922,29,P,9,531,Okružná,1,114,Grešova,500,131,45,393,1614683815240,2,12,16,55
21.24138,48.9921,23,P,2,2,Na Hlavnej,1,531,Okružná,800,611,66,392,1614658754336,2,5,19,14
21.24137,48.99196,29,P,9,531,Okružná,1,114,Grešova,500,177,41,393,1614683830254,2,12,17,10
21.24097,48.99247,29,P,9,531,Okružná,1,114,Grešova,500,95,-191,393,1614666767805,2,7,32,47
21.24127,48.99195,29,P,9,531,Okružná,1,114,Grešova,500,163,-190,393,1614666782809,2,7,33,2
21.24113,48.99204,29,P,8,532,Floriánova,2,531,Okružná,540,540,-154,393,1614673175357,2,9,19,35
21.24093,48.99249,29,P,9,531,Okružná,1,114,Grešova,500,95,-49,393,1614680303704,2,11,18,23
21.24111,48.99204,29,P,9,531,Okružná,1,114,Grešova,500,150,-25,393,1614676686897,2,10,18,6
21.24124,48.99195,29,P,9,531,Okružná,1,114,Grešova,500,163,75,393,1614662911209,2,6,28,31
21.24101,48.99238,29,P,9,531,Okružná,1,114,Grešova,500,104,-52,393,1614669498730,2,8,18,18
21.24127,48.99194,29,P,9,531,Okružná,1,114,Grešova,500,159,-54,393,1614669513729,2,8,18,33
21.2411,48.99213,29,P,9,531,Okružná,1,114,Grešova,500,140,-33,393,1614691092688,2,14,18,12
21.24115,48.99201,29,P,9,531,Okružná,1,114,Grešova,500,154,-49,393,1614680318715,2,11,18,38
21.24144,48.99208,23,P,2,2,Na Hlavnej,1,531,Okružná,800,607,92,392,1614680333727,2,11,18,53
21.24096,48.99238,29,P,9,531,Okružná,1,114,Grešova,500,104,34,393,1614698221151,2,16,17,1
21.2415,48.99198,29,P,9,531,Okružná,1,114,Grešova,500,177,35,393,1614698236158,2,16,17,16
21.24123,48.99197,29,P,9,531,Okružná,1,114,Grešova,500,154,-7,393,1614705471510,2,18,17,51
21.24139,48.99198,29,P,9,531,Okružná,1,114,Grešova,500,168,60,393,1614694619977,2,15,16,59
21.24112,48.99222,29,P,9,531,Okružná,1,114,Grešova,500,127,-80,354,1614701947833,2,17,19,7
21.24116,48.9921,29,P,8,532,Floriánova,2,531,Okružná,540,540,-12,354,1614709043223,2,19,17,23
21.24116,48.9921,29,P,8,532,Floriánova,2,531,Okružná,540,540,-12,354,1614709058241,2,19,17,38
21.24108,48.99226,23,P,2,2,Na Hlavnej,1,531,Okružná,800,644,-20,392,1614699661772,2,16,41,1
21.24106,48.99221,29,P,9,531,Okružná,1,114,Grešova,500,122,64,393,1614694604898,2,15,16,44
